{"cameraMode":{"drawMode":0,"name":"Shaded","section":"Shading Mode"},"sceneLighting":true,"audioPlay":false,"sceneViewState":{"showFog":true,"showMaterialUpdate":false,"showSkybox":true,"showFlares":true,"showImageEffects":true,"showParticleSystems":true},"in2DMode":false,"pivot":{"x":42.09224319458008,"y":-21.89921760559082,"z":-37.34253692626953},"rotation":{"x":0.38516852259635928,"y":0.5942169427871704,"z":-0.3879530727863312,"w":0.5899524092674255},"size":124.33065795898438,"orthographic":false}