{"cameraMode":{"drawMode":0,"name":"Shaded","section":"Shading Mode"},"sceneLighting":true,"audioPlay":false,"sceneViewState":{"showFog":true,"showMaterialUpdate":false,"showSkybox":true,"showFlares":true,"showImageEffects":true,"showParticleSystems":true},"in2DMode":false,"pivot":{"x":37.99895477294922,"y":-13.48495101928711,"z":-36.9054069519043},"rotation":{"x":-0.12556619942188264,"y":0.6877361536026001,"z":-0.12258940935134888,"w":-0.7044316530227661},"size":75.77204895019531,"orthographic":false}