{"cameraMode":{"drawMode":0,"name":"Shaded","section":"Shading Mode"},"sceneLighting":true,"audioPlay":false,"sceneViewState":{"showFog":true,"showMaterialUpdate":false,"showSkybox":true,"showFlares":true,"showImageEffects":true,"showParticleSystems":true},"in2DMode":false,"pivot":{"x":56.38175964355469,"y":1.195383071899414,"z":-17.19020652770996},"rotation":{"x":0.2292708158493042,"y":0.6685484647750855,"z":-0.22899512946605683,"w":0.6693572998046875},"size":41.590816497802737,"orthographic":false}