{"cameraMode":{"drawMode":0,"name":"Shaded","section":"Shading Mode"},"sceneLighting":true,"audioPlay":false,"sceneViewState":{"showFog":true,"showMaterialUpdate":false,"showSkybox":true,"showFlares":true,"showImageEffects":true,"showParticleSystems":true},"in2DMode":false,"pivot":{"x":58.157474517822269,"y":-61.76416778564453,"z":-35.346126556396487},"rotation":{"x":0.356574684381485,"y":0.6308111548423767,"z":-0.4016655683517456,"w":0.5599969625473023},"size":122.26646423339844,"orthographic":false}