{"cameraMode":{"drawMode":0,"name":"Shaded","section":"Shading Mode"},"sceneLighting":false,"audioPlay":false,"sceneViewState":{"showFog":true,"showMaterialUpdate":false,"showSkybox":true,"showFlares":true,"showImageEffects":true,"showParticleSystems":true},"in2DMode":false,"pivot":{"x":53.382999420166019,"y":1.1330480575561524,"z":-19.48130226135254},"rotation":{"x":-0.11342975497245789,"y":0.7571090459823608,"z":-0.1365978866815567,"w":-0.6286976337432861},"size":13.535876274108887,"orthographic":true}