{"cameraMode":{"drawMode":0,"name":"Shaded","section":"Shading Mode"},"sceneLighting":false,"audioPlay":false,"sceneViewState":{"showFog":true,"showMaterialUpdate":false,"showSkybox":true,"showFlares":true,"showImageEffects":true,"showParticleSystems":true},"in2DMode":false,"pivot":{"x":70.33000183105469,"y":1.820000171661377,"z":-10.649999618530274},"rotation":{"x":0.38516852259635928,"y":0.5942169427871704,"z":-0.3879530727863312,"w":0.5899524092674255},"size":5.7157673835754398,"orthographic":false}