{"cameraMode":{"drawMode":0,"name":"Shaded","section":"Shading Mode"},"sceneLighting":false,"audioPlay":false,"sceneViewState":{"showFog":true,"showMaterialUpdate":false,"showSkybox":true,"showFlares":true,"showImageEffects":true,"showParticleSystems":true},"in2DMode":false,"pivot":{"x":53.65303421020508,"y":-8.008938789367676,"z":-18.4606990814209},"rotation":{"x":0.22349484264850617,"y":0.6492484211921692,"z":-0.20833083987236024,"w":0.6965091228485107},"size":31.74639320373535,"orthographic":false}