{"cameraMode":{"drawMode":0,"name":"Shaded","section":"Shading Mode"},"sceneLighting":false,"audioPlay":false,"sceneViewState":{"showFog":true,"showMaterialUpdate":false,"showSkybox":true,"showFlares":true,"showImageEffects":true,"showParticleSystems":true},"in2DMode":false,"pivot":{"x":-0.14328554272651673,"y":1.6518524885177613,"z":-5.960464477539063e-8},"rotation":{"x":0.07043750584125519,"y":0.010768682695925236,"z":-0.0007604798302054405,"w":0.9974578022956848},"size":6.024708271026611,"orthographic":false}