{"cameraMode":{"drawMode":0,"name":"Shaded","section":"Shading Mode"},"sceneLighting":false,"audioPlay":false,"sceneViewState":{"showFog":true,"showMaterialUpdate":false,"showSkybox":true,"showFlares":true,"showImageEffects":true,"showParticleSystems":true},"in2DMode":false,"pivot":{"x":0.000008750099368626252,"y":0.000003099667083006352,"z":-0.000022165717382449657},"rotation":{"x":-0.08855579048395157,"y":-0.766671895980835,"z":0.10835253447294235,"w":-0.6266034245491028},"size":0.00005715767838410102,"orthographic":false}