{"cameraMode":{"drawMode":0,"name":"Shaded","section":"Shading Mode"},"sceneLighting":false,"audioPlay":false,"sceneViewState":{"showFog":true,"showMaterialUpdate":false,"showSkybox":true,"showFlares":true,"showImageEffects":true,"showParticleSystems":true},"in2DMode":false,"pivot":{"x":3.3905532360076906,"y":1.3588351011276246,"z":-0.03271484375},"rotation":{"x":0.14504846930503846,"y":0.1375482827425003,"z":-0.020365038886666299,"w":0.9796053767204285},"size":3.930556297302246,"orthographic":true}