{"cameraMode":{"drawMode":0,"name":"Shaded","section":"Shading Mode"},"sceneLighting":false,"audioPlay":false,"sceneViewState":{"showFog":true,"showMaterialUpdate":false,"showSkybox":true,"showFlares":true,"showImageEffects":true,"showParticleSystems":true},"in2DMode":false,"pivot":{"x":-0.3281205892562866,"y":1.4377857446670533,"z":-5.289999961853027},"rotation":{"x":0.39173606038093569,"y":0.5740084052085877,"z":-0.36187613010406496,"w":0.6213717460632324},"size":16.868698120117189,"orthographic":false}