{"cameraMode":{"drawMode":0,"name":"Shaded","section":"Shading Mode"},"sceneLighting":false,"audioPlay":false,"sceneViewState":{"showFog":true,"showMaterialUpdate":false,"showSkybox":true,"showFlares":true,"showImageEffects":true,"showParticleSystems":true},"in2DMode":false,"pivot":{"x":54.61371994018555,"y":2.4438629150390627,"z":-17.535463333129884},"rotation":{"x":0.24905961751937867,"y":0.6309074759483337,"z":-0.22459657490253449,"w":0.699629545211792},"size":13.469127655029297,"orthographic":false}