{"cameraMode":{"drawMode":0,"name":"Shaded","section":"Shading Mode"},"sceneLighting":false,"audioPlay":false,"sceneViewState":{"showFog":true,"showMaterialUpdate":false,"showSkybox":true,"showFlares":true,"showImageEffects":true,"showParticleSystems":true},"in2DMode":false,"pivot":{"x":4.878436088562012,"y":1.2841796875,"z":-0.03297693654894829},"rotation":{"x":0.10461632907390595,"y":0.46249932050704958,"z":-0.05506415292620659,"w":0.8787023425102234},"size":2.798795461654663,"orthographic":true}