{"cameraMode":{"drawMode":0,"name":"Shaded","section":"Shading Mode"},"sceneLighting":false,"audioPlay":false,"sceneViewState":{"showFog":true,"showMaterialUpdate":false,"showSkybox":true,"showFlares":true,"showImageEffects":true,"showParticleSystems":true},"in2DMode":false,"pivot":{"x":-0.627285361289978,"y":1.2018524408340455,"z":-5.960464477539063e-8},"rotation":{"x":-0.14504846930503846,"y":-0.1375482827425003,"z":0.020365038886666299,"w":-0.9796053767204285},"size":7.126286029815674,"orthographic":true}