{"cameraMode":{"drawMode":0,"name":"Shaded","section":"Shading Mode"},"sceneLighting":true,"audioPlay":false,"sceneViewState":{"showFog":true,"showMaterialUpdate":false,"showSkybox":true,"showFlares":true,"showImageEffects":true,"showParticleSystems":true},"in2DMode":false,"pivot":{"x":45.92849349975586,"y":-8.862751007080079,"z":-35.68459701538086},"rotation":{"x":-0.34151434898376467,"y":-0.6338759660720825,"z":0.3679156005382538,"w":-0.5883938074111939},"size":47.06451416015625,"orthographic":false}