{"cameraMode":{"drawMode":0,"name":"Shaded","section":"Shading Mode"},"sceneLighting":false,"audioPlay":false,"sceneViewState":{"showFog":true,"showMaterialUpdate":false,"showSkybox":true,"showFlares":true,"showImageEffects":true,"showParticleSystems":true},"in2DMode":false,"pivot":{"x":-3.8743019104003908e-7,"y":1.500999927520752,"z":0.28000134229660036},"rotation":{"x":0.24736779928207398,"y":0.6595012545585632,"z":-0.24485638737678529,"w":0.6662676930427551},"size":38.234317779541019,"orthographic":false}